id,name,description,price,duration
1,"Cockpit #1 (1 Person)","Gran Turismo cockpit station",0,60
2,"Cockpit #2 (1 Person)","Gran Turismo cockpit station",0,60
3,"PC #01 (1 Person)","Gaming PC station",0,60
4,"PC #02 (1 Person)","Gaming PC station",0,60
5,"PC #03 (1 Person)","Gaming PC station",0,60
6,"PlayStation 5 #1 (1-2 Persons)","PS5 console station",0,60
7,"PlayStation 5 #2 (1-2 Persons)","PS5 console station",0,60
8,"VR Station (Morning) (1-5 Persons) 30 Mins","VR station morning slot",0,30
9,"VR Station (Afternoon) (1-5 Persons) 1 Hour","VR station afternoon slot",0,60
10,"Nintendo Switch (Morning) (1-2 Persons)","Nintendo Switch morning",0,60
11,"Nintendo Switch (Afternoon) (1-4 Persons)","Nintendo Switch afternoon",0,60
