id,group,quality_bucket,question,answer_preview,mode,route,score,passed,wall_sec,llm_call_count,llm_kinds,errors,warnings
MB-1326-GL-001,general_llm,general_llm,อธิบายคำว่า latency ในระบบคอมพิวเตอร์แบบสั้น ๆ,latency คือเวลาที่ใช้ในการตอบสนองหรือประมวลผลข้อมูลจากเหตุการณ์หนึ่งไปยังอีกเหตุการณ์หนึ่งในระบบคอมพิวเตอร์ เช่น เวลาท หมายเหตุ: คำตอบนี้เป็นความรู้ทั่วไปของโมเดล ไม่ได้อ้างอิงจากฐานข้อมูล PSU Esports Studio - Phuket,pipeline:general_llm_fallback,general/general_knowledge_query,100.0,True,8.5811,1,general_llm,,
MB-1356-GL-031,general_llm,general_llm,อธิบายคำว่า latency ในระบบคอมพิวเตอร์แบบสั้น ๆ ตอบเป็นภาษาไทย,ความล่าช้า (latency) คือเวลาที่ใช้ในการตอบสนองหรือประมวลผลข้อมูลจากเหตุการณ์หนึ่งไปยังอีกเหตุการณ์หนึ่งในระบบคอมพิวเตอร หมายเหตุ: คำตอบนี้เป็นความรู้ทั่วไปของโมเดล ไม่ได้อ้างอิงจากฐานข้อมูล PSU Esports Studio - Phuket,pipeline:general_llm_fallback,general/general_knowledge_query,100.0,True,1.9416,1,general_llm,,
MB-1387-GL-062,general_llm,general_llm,เฟรมเรตกับความละเอียดต่างกันยังไง อธิบายให้มือใหม่เข้าใจ,เฟรมเรตคือจำนวนภาพที่แสดงบนหน้าจอต่อวินาที (เช่น 60 FPS = 60 ภาพต่อวินาที) ส่วนความละเอียดคือขนาดของภาพนั้น เช่น 192 หมายเหตุ: คำตอบนี้เป็นความรู้ทั่วไปของโมเดล ไม่ได้อ้างอิงจากฐานข้อมูล PSU Esports Studio - Phuket,pipeline:general_llm_fallback,general/general_knowledge_query,100.0,True,1.9894,1,general_llm,,
MB-1417-GL-092,general_llm,general_llm,เฟรมเรตกับความละเอียดต่างกันยังไง ขอสรุปเป็น 2 ข้อ,• เฟรมเรต (FPS) คือจำนวนเฟรมที่แสดงต่อวินาที ส่งผลต่อความลื่นไหลของภาพ • ความละเอียด (Resolution) คือขนาดของหน้าจอที่แสดงภาพ เช่น หมายเหตุ: คำตอบนี้เป็นความรู้ทั่วไปของโมเดล ไม่ได้อ้างอิงจากฐานข้อมูล PSU Esports Studio - Phuket,pipeline:general_llm_fallback,general/general_knowledge_query,100.0,True,1.9044,1,general_llm,,
MB-1448-GL-123,general_llm,general_llm,API คืออะไร อธิบายแบบใช้กับวงการเกม,API คือ Application Programming Interface หรืออินเตอร์เฟซการเขียนโปรแกรมแอปพลิเคชัน เป็นเครื่องมือที่ช่วยให้แอปพลิเคชันต่าง ๆ เช่น เกมสามารถสื่อสารและแลก หมายเหตุ: คำตอบนี้เป็นความรู้ทั่วไปของโมเดล ไม่ได้อ้างอิงจากฐานข้อมูล PSU Esports Studio - Phuket,pipeline:general_llm_fallback,general/general_knowledge_query,100.0,True,1.9424,1,general_llm,,
MB-1478-GL-153,general_llm,general_llm,API คืออะไร ตอบแบบสุภาพ,API หรือ Application Programming Interface เป็นช่องทางที่อนุญาตให้โปรแกรมหนึ่งสามารถสื่อสารและแลกเปลี่ยนข้อมูลกับโปรแกรมอีกโปรแกรมหนึ่งได้อย่างมีประสิทธิภาพ โดยไม่ หมายเหตุ: คำตอบนี้เป็นความรู้ทั่วไปของโมเดล ไม่ได้อ้างอิงจากฐานข้อมูล PSU Esports Studio - Phuket,pipeline:general_llm_fallback,general/general_knowledge_query,100.0,True,1.8397,1,general_llm,,
MB-1509-GL-184,general_llm,general_llm,JSON คืออะไร ขอแบบไม่เป็นทางการมาก,JSON ก็แค่รูปแบบข้อมูลที่เขียนง่าย ๆ เหมือนข้อความธรรมดา แต่ใช้จัดเรียงข้อมูลได้เป็นระบบ เช่น ชื่อ-อายุ-ที่อยู่ ก็ใส่ไว้ใน หมายเหตุ: คำตอบนี้เป็นความรู้ทั่วไปของโมเดล ไม่ได้อ้างอิงจากฐานข้อมูล PSU Esports Studio - Phuket,pipeline:general_llm_fallback,general/general_knowledge_query,100.0,True,1.8929,1,general_llm,,
MB-1539-GL-214,general_llm,general_llm,JSON คืออะไร ตอบแบบ bullet สั้น ๆ,• JSON = JavaScript Object Notation • เป็นรูปแบบข้อมูลที่ใช้จัดเก็บและแลกเปลี่ยนข้อมูลระหว่างระบบต่าง ๆ • เขียนง่าย อ่านง่าย และเข้าใจง่าย • ใช้ หมายเหตุ: คำตอบนี้เป็นความรู้ทั่วไปของโมเดล ไม่ได้อ้างอิงจากฐานข้อมูล PSU Esports Studio - Phuket,pipeline:general_llm_fallback,general/general_knowledge_query,100.0,True,1.8496,1,general_llm,,
MB-1570-GL-245,general_llm,general_llm,ช่วยสรุปวิธีพูดขอบคุณแบบสุภาพ 2 ประโยค ให้คำจำกัดความแบบสั้น,ขอบคุณสำหรับการสนับสนุนและโอกาสที่ได้รับ ขอแสดงความชื่นชมอย่างยิ่งต่อความพยายามของท่านครับ/ค่ะ หมายเหตุ: คำตอบนี้เป็นความรู้ทั่วไปของโมเดล ไม่ได้อ้างอิงจากฐานข้อมูล PSU Esports Studio - Phuket,pipeline:general_llm_fallback,general/general_knowledge_query,100.0,True,1.7032,1,general_llm,,
MB-1600-GL-275,general_llm,general_llm,ช่วยสรุปวิธีพูดขอบคุณแบบสุภาพ 2 ประโยค ขอแบบใช้พูดกับผู้ใช้บริการ,ขอบคุณที่ให้ความร่วมมือและสนับสนุนอย่างต่อเนื่องนะคะ ยินดีให้บริการเสมอครับ/ค่ะ หมายเหตุ: คำตอบนี้เป็นความรู้ทั่วไปของโมเดล ไม่ได้อ้างอิงจากฐานข้อมูล PSU Esports Studio - Phuket,pipeline:general_llm_fallback,general/general_knowledge_query,100.0,True,1.5992,1,general_llm,,
